{
  "projectenv": {
    "awscloudformation": {
      "AuthRoleName": "amplify-awstestproject-projectenv-114744-authRole",
      "UnauthRoleArn": "arn:aws:iam::437154314483:role/amplify-awstestproject-projectenv-114744-unauthRole",
      "AuthRoleArn": "arn:aws:iam::437154314483:role/amplify-awstestproject-projectenv-114744-authRole",
      "Region": "eu-west-1",
      "DeploymentBucketName": "amplify-awstestproject-projectenv-114744-deployment",
      "UnauthRoleName": "amplify-awstestproject-projectenv-114744-unauthRole",
      "StackName": "amplify-awstestproject-projectenv-114744",
      "StackId": "arn:aws:cloudformation:eu-west-1:437154314483:stack/amplify-awstestproject-projectenv-114744/0a7381b0-9496-11ec-8798-0a3d46cbdeb5",
      "AmplifyAppId": "d4umnwwjqt4l9"
    },
    "categories": {
      "auth": {
        "awstestprojectef9b2ffd": {},
        "true": {}
      },
      "hosting": {
        "amplifyhosting": {
          "appId": "d4umnwwjqt4l9",
          "type": "manual"
        }
      }
    }
  }
}