{
  "providers": {
    "awscloudformation": {
      "AuthRoleName": "amplify-awstestproject-projectenv-114744-authRole",
      "UnauthRoleArn": "arn:aws:iam::437154314483:role/amplify-awstestproject-projectenv-114744-unauthRole",
      "AuthRoleArn": "arn:aws:iam::437154314483:role/amplify-awstestproject-projectenv-114744-authRole",
      "Region": "eu-west-1",
      "DeploymentBucketName": "amplify-awstestproject-projectenv-114744-deployment",
      "UnauthRoleName": "amplify-awstestproject-projectenv-114744-unauthRole",
      "StackName": "amplify-awstestproject-projectenv-114744",
      "StackId": "arn:aws:cloudformation:eu-west-1:437154314483:stack/amplify-awstestproject-projectenv-114744/0a7381b0-9496-11ec-8798-0a3d46cbdeb5",
      "AmplifyAppId": "d4umnwwjqt4l9"
    }
  },
  "api": {
    "projrctapi": {
      "service": "AppSync",
      "providerPlugin": "awscloudformation",
      "output": {
        "authConfig": {
          "defaultAuthentication": {
            "authenticationType": "API_KEY",
            "apiKeyConfig": {
              "apiKeyExpirationDays": 7,
              "apiKeyExpirationDate": "2022-03-02T11:04:31.323Z",
              "description": "Project"
            }
          },
          "additionalAuthenticationProviders": []
        },
        "GraphQLAPIIdOutput": "74lcwynlufcudhrtvphgyvk34m",
        "GraphQLAPIEndpointOutput": "https://rasl3mzcsncazdmraqrxczwjdu.appsync-api.eu-west-1.amazonaws.com/graphql",
        "GraphQLAPIKeyOutput": "da2-rl5me4k2yzfnrlwbbfv5et6m54"
      },
      "providerMetadata": {
        "s3TemplateURL": "https://s3.amazonaws.com/amplify-awstestproject-projectenv-114744-deployment/amplify-cfn-templates/api/cloudformation-template.json",
        "logicalId": "apiprojrctapi"
      },
      "lastPushTimeStamp": "2022-03-02T09:54:41.482Z",
      "lastPushDirHash": "lRvNlFiBbEt5qbU8LHK3PYpubpA="
    }
  },
  "auth": {
    "awstestprojectef9b2ffd": {
      "service": "Cognito",
      "providerPlugin": "awscloudformation",
      "dependsOn": [],
      "customAuth": false,
      "frontendAuthConfig": {
        "socialProviders": [],
        "usernameAttributes": [],
        "signupAttributes": [
          "EMAIL"
        ],
        "passwordProtectionSettings": {
          "passwordPolicyMinLength": 8,
          "passwordPolicyCharacters": []
        },
        "mfaConfiguration": "OFF",
        "mfaTypes": [
          "SMS"
        ],
        "verificationMechanisms": [
          "EMAIL"
        ]
      },
      "providerMetadata": {
        "s3TemplateURL": "https://s3.amazonaws.com/amplify-awstestproject-projectenv-114744-deployment/amplify-cfn-templates/auth/awstestprojectef9b2ffd-cloudformation-template.json",
        "logicalId": "authawstestprojectef9b2ffd"
      },
      "lastPushTimeStamp": "2022-03-02T09:54:41.489Z",
      "output": {
        "UserPoolId": "eu-west-1_IgBXr8LuC",
        "AppClientIDWeb": "7lhq3t8kr44c0ro9rp993nhs88",
        "AppClientID": "5p57v2lplup714klqlbt8d06cr",
        "IdentityPoolId": "eu-west-1:999e4d4e-2340-47c3-b1a1-163b34d5ece9",
        "UserPoolArn": "arn:aws:cognito-idp:eu-west-1:437154314483:userpool/eu-west-1_IgBXr8LuC",
        "IdentityPoolName": "awstestprojectef9b2ffd_identitypool_ef9b2ffd__projectenv",
        "UserPoolName": "awstestprojectef9b2ffd_userpool_ef9b2ffd"
      },
      "lastPushDirHash": "zdg70bnnulSzNR5Dub2zE4eH18g="
    }
  },
  "hosting": {
    "S3AndCloudFront": {
      "service": "S3AndCloudFront",
      "providerPlugin": "awscloudformation",
      "providerMetadata": {
        "s3TemplateURL": "https://s3.amazonaws.com/amplify-awstestproject-projectenv-114744-deployment/amplify-cfn-templates/hosting/template.json",
        "logicalId": "hostingS3AndCloudFront"
      },
      "lastPushTimeStamp": "2022-03-02T09:54:41.491Z",
      "output": {
        "S3BucketSecureURL": "https://awsesproject-20220223134653-hostingbucket-projectenv.s3.amazonaws.com",
        "WebsiteURL": "http://awsesproject-20220223134653-hostingbucket-projectenv.s3-website-eu-west-1.amazonaws.com",
        "Region": "eu-west-1",
        "HostingBucketName": "awsesproject-20220223134653-hostingbucket-projectenv"
      },
      "lastPushDirHash": "ZR4y98cuNl1SqleO9ovG3JJzKdQ="
    },
    "amplifyhosting": {
      "service": "amplifyhosting",
      "providerPlugin": "awscloudformation",
      "type": "manual",
      "providerMetadata": {
        "s3TemplateURL": "https://s3.amazonaws.com/amplify-awstestproject-projectenv-114744-deployment/amplify-cfn-templates/hosting/amplifyhosting-template.json",
        "logicalId": "hostingamplifyhosting"
      },
      "lastPushTimeStamp": "2022-03-02T09:54:41.493Z",
      "output": {},
      "lastPushDirHash": "1+W3PEBhLdW2HJ8vEK2icRJ2k6c="
    }
  },
  "storage": {
    "imgprojects3": {
      "service": "S3",
      "providerPlugin": "awscloudformation",
      "dependsOn": [],
      "lastPushTimeStamp": "2022-03-02T09:54:43.759Z",
      "providerMetadata": {
        "s3TemplateURL": "https://s3.amazonaws.com/amplify-awstestproject-projectenv-114744-deployment/amplify-cfn-templates/storage/cloudformation-template.json",
        "logicalId": "storageimgprojects3"
      },
      "output": {
        "BucketName": "awstestproject608feaebd62e49009203e53a43efc2e4114744-projectenv",
        "Region": "eu-west-1"
      },
      "lastPushDirHash": "Q7unge6oJkN/4mYT78/JbdBoMAM="
    }
  }
}